Dataset,Run,Noise,Accuracy,Precision,Recall,F1-score,ROC AUC
arrhythmia.mat,1,0.0,0.8895,0.875,0.2692,0.4118,0.8804
arrhythmia.mat,1,0.05,0.895,0.875,0.28,0.4242,0.8672
arrhythmia.mat,1,0.1,0.895,0.75,0.2609,0.3871,0.8822
arrhythmia.mat,2,0.0,0.8398,0.5714,0.1333,0.2162,0.8311
arrhythmia.mat,2,0.05,0.8564,0.625,0.1786,0.2778,0.8147
arrhythmia.mat,2,0.1,0.8619,0.5714,0.1538,0.2424,0.862
arrhythmia.mat,3,0.0,0.8564,0.625,0.1786,0.2778,0.8051
arrhythmia.mat,3,0.05,0.8508,0.5714,0.1429,0.2286,0.8077
arrhythmia.mat,3,0.1,0.8564,0.5,0.1538,0.2353,0.8169
arrhythmia.mat,4,0.0,0.884,0.7143,0.2083,0.3226,0.8455
arrhythmia.mat,4,0.05,0.8895,0.7143,0.2174,0.3333,0.85
arrhythmia.mat,4,0.1,0.884,0.5714,0.1818,0.2759,0.8225
arrhythmia.mat,5,0.0,0.8785,0.8571,0.2222,0.3529,0.8163
arrhythmia.mat,5,0.05,0.8729,0.6667,0.2308,0.3429,0.8052
arrhythmia.mat,5,0.1,0.895,0.7143,0.2273,0.3448,0.8613
arrhythmia.mat,6,0.0,0.8895,0.875,0.2692,0.4118,0.8437
arrhythmia.mat,6,0.05,0.895,0.8571,0.25,0.3871,0.8445
arrhythmia.mat,6,0.1,0.8895,0.8571,0.24,0.375,0.8279
arrhythmia.mat,7,0.0,0.8564,0.7143,0.1724,0.2778,0.8616
arrhythmia.mat,7,0.05,0.8619,0.75,0.2069,0.3243,0.8512
arrhythmia.mat,7,0.1,0.8729,0.75,0.2222,0.3429,0.8437
arrhythmia.mat,8,0.0,0.895,0.75,0.2609,0.3871,0.8539
arrhythmia.mat,8,0.05,0.9061,0.7143,0.25,0.3704,0.8447
arrhythmia.mat,8,0.1,0.895,0.75,0.2609,0.3871,0.8539
arrhythmia.mat,9,0.0,0.9006,0.75,0.2727,0.4,0.8279
arrhythmia.mat,9,0.05,0.9061,0.8571,0.2727,0.4138,0.8279
arrhythmia.mat,9,0.1,0.9171,0.8571,0.3,0.4444,0.8056
arrhythmia.mat,10,0.0,0.8895,1.0,0.2593,0.4118,0.8915
arrhythmia.mat,10,0.05,0.9061,1.0,0.2917,0.4516,0.8989
arrhythmia.mat,10,0.1,0.8895,0.8571,0.24,0.375,0.8872
arrhythmia.mat,Average,0.05,0.8825,0.7514,0.2269,0.3478,0.8444
glass.mat,1,0.0,0.9535,0.0,0.0,0.0,0.6305
glass.mat,1,0.05,0.9535,0.0,0.0,0.0,0.5382
glass.mat,1,0.1,0.9651,0.0,0.0,0.0,0.6867
glass.mat,2,0.0,0.9767,0.0,0.0,0.0,0.9107
glass.mat,2,0.05,0.9651,0.0,0.0,0.0,0.8929
glass.mat,2,0.1,0.9651,0.0,0.0,0.0,0.875
glass.mat,3,0.0,0.9186,0.0,0.0,0.0,0.7215
glass.mat,3,0.05,0.9186,0.0,0.0,0.0,0.774
glass.mat,3,0.1,0.9186,0.0,0.0,0.0,0.7052
glass.mat,4,0.0,0.9651,0.0,0.0,0.0,0.7976
glass.mat,4,0.05,0.9651,0.0,0.0,0.0,0.8214
glass.mat,4,0.1,0.9767,0.0,0.0,0.0,0.7857
glass.mat,5,0.0,0.9767,1.0,0.3333,0.5,0.6265
glass.mat,5,0.05,0.9651,0.0,0.0,0.0,0.6064
glass.mat,5,0.1,0.9767,1.0,0.3333,0.5,0.6265
glass.mat,6,0.0,0.9535,0.0,0.0,0.0,0.5854
glass.mat,6,0.05,0.9535,0.0,0.0,0.0,0.6982
glass.mat,6,0.1,0.9535,0.0,0.0,0.0,0.7835
glass.mat,7,0.0,0.9884,1.0,0.5,0.6667,0.9762
glass.mat,7,0.05,0.9651,0.0,0.0,0.0,0.9107
glass.mat,7,0.1,0.9651,0.0,0.0,0.0,0.8869
glass.mat,8,0.0,0.9535,0.0,0.0,0.0,0.8635
glass.mat,8,0.05,0.9535,0.0,0.0,0.0,0.747
glass.mat,8,0.1,0.9651,0.0,0.0,0.0,0.7631
glass.mat,9,0.0,0.9767,0.0,0.0,0.0,0.8155
glass.mat,9,0.05,0.9651,0.0,0.0,0.0,0.8929
glass.mat,9,0.1,0.9767,0.0,0.0,0.0,0.8393
glass.mat,10,0.0,0.9767,0.0,0.0,0.0,0.625
glass.mat,10,0.05,0.9767,0.0,0.0,0.0,0.7202
glass.mat,10,0.1,0.9535,0.0,0.0,0.0,0.5774
glass.mat,Average,0.05,0.9612,0.1,0.0389,0.0556,0.7561
cardio.mat,1,0.0,0.9345,0.9524,0.2985,0.4545,0.9371
cardio.mat,1,0.05,0.94,0.8846,0.3594,0.5111,0.9332
cardio.mat,1,0.1,0.9386,0.8696,0.3226,0.4706,0.9544
cardio.mat,2,0.0,0.9291,0.9048,0.2754,0.4222,0.9499
cardio.mat,2,0.05,0.9304,0.8421,0.25,0.3855,0.9221
cardio.mat,2,0.1,0.9332,0.76,0.3065,0.4368,0.9309
cardio.mat,3,0.0,0.9195,0.9565,0.275,0.4272,0.9663
cardio.mat,3,0.05,0.9181,0.8696,0.2597,0.4,0.9626
cardio.mat,3,0.1,0.925,0.913,0.2838,0.433,0.9545
cardio.mat,4,0.0,0.94,0.96,0.3582,0.5217,0.9639
cardio.mat,4,0.05,0.9372,0.875,0.3281,0.4773,0.9416
cardio.mat,4,0.1,0.9345,0.8,0.2667,0.4,0.9477
cardio.mat,5,0.0,0.925,1.0,0.2857,0.4444,0.9803
cardio.mat,5,0.05,0.9236,0.9091,0.2703,0.4167,0.9805
cardio.mat,5,0.1,0.925,0.8095,0.25,0.382,0.9082
cardio.mat,6,0.0,0.9209,1.0,0.2927,0.4528,0.9467
cardio.mat,6,0.05,0.9168,0.913,0.2625,0.4078,0.9302
cardio.mat,6,0.1,0.9222,0.8636,0.2603,0.4,0.9582
cardio.mat,7,0.0,0.9222,1.0,0.2875,0.4466,0.9599
cardio.mat,7,0.05,0.9222,1.0,0.25,0.4,0.966
cardio.mat,7,0.1,0.9222,0.7826,0.2571,0.3871,0.9303
cardio.mat,8,0.0,0.9318,0.8846,0.3286,0.4792,0.9587
cardio.mat,8,0.05,0.9318,0.9474,0.2687,0.4186,0.9494
cardio.mat,8,0.1,0.9441,0.9545,0.3443,0.506,0.9573
cardio.mat,9,0.0,0.9304,0.9474,0.2647,0.4138,0.9591
cardio.mat,9,0.05,0.9372,0.913,0.3231,0.4773,0.9541
cardio.mat,9,0.1,0.9386,0.9545,0.3231,0.4828,0.9386
cardio.mat,10,0.0,0.9372,1.0,0.303,0.4651,0.9593
cardio.mat,10,0.05,0.94,0.9524,0.3175,0.4762,0.9738
cardio.mat,10,0.1,0.9441,0.8,0.3571,0.4938,0.9387
cardio.mat,Average,0.05,0.9305,0.9073,0.2943,0.443,0.9504
ionosphere.mat,1,0.0,0.7305,1.0,0.3333,0.5,0.9225
ionosphere.mat,1,0.05,0.7163,0.9412,0.2909,0.4444,0.8541
ionosphere.mat,1,0.1,0.7234,0.9412,0.2963,0.4507,0.8467
ionosphere.mat,2,0.0,0.766,1.0,0.2979,0.459,0.8866
ionosphere.mat,2,0.05,0.8014,0.8889,0.381,0.5333,0.8588
ionosphere.mat,2,0.1,0.7943,0.9333,0.3333,0.4912,0.8773
ionosphere.mat,3,0.0,0.6809,1.0,0.2373,0.3836,0.9157
ionosphere.mat,3,0.05,0.7021,1.0,0.2632,0.4167,0.8805
ionosphere.mat,3,0.1,0.7021,0.8667,0.2453,0.3824,0.8872
ionosphere.mat,4,0.0,0.7376,1.0,0.2745,0.4308,0.8972
ionosphere.mat,4,0.05,0.7376,0.9333,0.28,0.4308,0.8618
ionosphere.mat,4,0.1,0.7872,1.0,0.3478,0.5161,0.8691
ionosphere.mat,5,0.0,0.7872,1.0,0.3023,0.4643,0.8747
ionosphere.mat,5,0.05,0.8014,0.875,0.35,0.5,0.8443
ionosphere.mat,5,0.1,0.8227,0.9333,0.3684,0.5283,0.8807
ionosphere.mat,6,0.0,0.766,1.0,0.3265,0.4923,0.8764
ionosphere.mat,6,0.05,0.7801,1.0,0.3404,0.5079,0.9018
ionosphere.mat,6,0.1,0.7589,0.8,0.2791,0.4138,0.8633
ionosphere.mat,7,0.0,0.766,1.0,0.3265,0.4923,0.9091
ionosphere.mat,7,0.05,0.7589,0.9333,0.2979,0.4516,0.8773
ionosphere.mat,7,0.1,0.7872,0.9375,0.3409,0.5,0.8854
ionosphere.mat,8,0.0,0.773,0.9333,0.3111,0.4667,0.8634
ionosphere.mat,8,0.05,0.8014,1.0,0.3636,0.5333,0.9173
ionosphere.mat,8,0.1,0.8156,0.9375,0.375,0.5357,0.903
ionosphere.mat,9,0.0,0.7943,0.9375,0.3488,0.5085,0.8692
ionosphere.mat,9,0.05,0.8156,0.9375,0.375,0.5357,0.8775
ionosphere.mat,9,0.1,0.8014,0.8667,0.3333,0.4815,0.8803
ionosphere.mat,10,0.0,0.766,1.0,0.3125,0.4762,0.8887
ionosphere.mat,10,0.05,0.7943,0.9375,0.3488,0.5085,0.8809
ionosphere.mat,10,0.1,0.7943,1.0,0.3556,0.5246,0.8771
ionosphere.mat,Average,0.05,0.7688,0.9511,0.3212,0.4787,0.8809
letter.mat,1,0.0,0.9203,0.1875,0.0732,0.1053,0.7616
letter.mat,1,0.05,0.9422,0.5,0.1622,0.2449,0.7829
letter.mat,1,0.1,0.9281,0.1333,0.0571,0.08,0.7626
letter.mat,2,0.0,0.9484,0.5,0.1515,0.2326,0.7109
letter.mat,2,0.05,0.9359,0.2,0.0938,0.1277,0.7006
letter.mat,2,0.1,0.95,0.3846,0.1724,0.2381,0.7191
letter.mat,3,0.0,0.925,0.3636,0.0889,0.1429,0.7143
letter.mat,3,0.05,0.925,0.3571,0.1136,0.1724,0.7428
letter.mat,3,0.1,0.9297,0.3846,0.119,0.1818,0.7428
letter.mat,4,0.0,0.9281,0.1111,0.0256,0.0417,0.761
letter.mat,4,0.05,0.9391,0.3846,0.1389,0.2041,0.7469
letter.mat,4,0.1,0.9422,0.3846,0.1471,0.2128,0.824
letter.mat,5,0.0,0.9328,0.3,0.0769,0.1224,0.7164
letter.mat,5,0.05,0.9297,0.2143,0.0811,0.1176,0.7187
letter.mat,5,0.1,0.9375,0.3846,0.1351,0.2,0.7136
letter.mat,6,0.0,0.9203,0.6667,0.1111,0.1905,0.7322
letter.mat,6,0.05,0.9188,0.5,0.1346,0.2121,0.7423
letter.mat,6,0.1,0.9234,0.5,0.1224,0.1967,0.7415
letter.mat,7,0.0,0.9266,0.3846,0.1136,0.1754,0.7678
letter.mat,7,0.05,0.925,0.2857,0.0952,0.1429,0.7555
letter.mat,7,0.1,0.9312,0.3571,0.125,0.1852,0.7389
letter.mat,8,0.0,0.9188,0.2308,0.0667,0.1034,0.7095
letter.mat,8,0.05,0.9359,0.5,0.1463,0.2264,0.7522
letter.mat,8,0.1,0.925,0.25,0.0714,0.1111,0.7332
letter.mat,9,0.0,0.9188,0.0,0.0,0.0,0.6348
letter.mat,9,0.05,0.9344,0.1818,0.0571,0.087,0.5919
letter.mat,9,0.1,0.9375,0.1667,0.0278,0.0476,0.6196
letter.mat,10,0.0,0.9203,0.2727,0.0652,0.1053,0.6765
letter.mat,10,0.05,0.9219,0.3077,0.0889,0.1379,0.7197
letter.mat,10,0.1,0.9312,0.4,0.0952,0.1538,0.7107
letter.mat,Average,0.05,0.9301,0.3265,0.0986,0.15,0.7248
lympho.mat,1,0.0,0.0167,0.0167,1.0,0.0328,1.0
lympho.mat,1,0.05,0.0167,0.0167,1.0,0.0328,1.0
lympho.mat,1,0.1,0.0333,0.0169,1.0,0.0333,1.0
lympho.mat,2,0.0,0.0333,0.0333,1.0,0.0645,1.0
lympho.mat,2,0.05,0.0333,0.0333,1.0,0.0645,1.0
lympho.mat,2,0.1,0.0333,0.0333,1.0,0.0645,1.0
lympho.mat,3,0.0,0.1167,0.0702,1.0,0.1311,1.0
lympho.mat,3,0.05,0.0667,0.0667,1.0,0.125,1.0
lympho.mat,3,0.1,0.0833,0.0678,1.0,0.127,1.0
lympho.mat,4,0.0,0.0833,0.0517,1.0,0.0984,1.0
lympho.mat,4,0.05,0.0833,0.0517,1.0,0.0984,1.0
lympho.mat,4,0.1,0.05,0.05,1.0,0.0952,1.0
lympho.mat,5,0.0,0.05,0.05,1.0,0.0952,0.9883
lympho.mat,5,0.05,0.05,0.05,1.0,0.0952,0.9883
lympho.mat,5,0.1,0.05,0.05,1.0,0.0952,0.9883
lympho.mat,6,0.0,0.0333,0.0169,1.0,0.0333,0.9831
lympho.mat,6,0.05,0.0167,0.0167,1.0,0.0328,0.9831
lympho.mat,6,0.1,0.0167,0.0167,1.0,0.0328,0.9831
lympho.mat,7,0.0,0.0667,0.0345,1.0,0.0667,0.9828
lympho.mat,7,0.05,0.05,0.0339,1.0,0.0656,0.9914
lympho.mat,7,0.1,0.0333,0.0333,1.0,0.0645,0.9828
lympho.mat,8,0.0,0.0667,0.0345,1.0,0.0667,1.0
lympho.mat,8,0.05,0.05,0.0339,1.0,0.0656,1.0
lympho.mat,8,0.1,0.0333,0.0333,1.0,0.0645,1.0
lympho.mat,9,0.0,0.0833,0.0833,1.0,0.1538,0.9855
lympho.mat,9,0.05,0.1,0.0847,1.0,0.1562,0.9818
lympho.mat,9,0.1,0.1,0.0847,1.0,0.1562,0.9818
lympho.mat,10,0.0,0.05,0.0339,1.0,0.0656,1.0
lympho.mat,10,0.05,0.0333,0.0333,1.0,0.0645,1.0
lympho.mat,10,0.1,0.0333,0.0333,1.0,0.0645,1.0
lympho.mat,Average,0.05,0.0522,0.0422,1.0,0.0802,0.994
mnist.mat,1,0.0,0.9254,0.7826,0.2581,0.3881,0.8984
mnist.mat,1,0.05,0.9227,0.6705,0.2226,0.3343,0.8489
mnist.mat,1,0.1,0.9267,0.6526,0.246,0.3573,0.868
mnist.mat,2,0.0,0.9257,0.6531,0.25,0.3616,0.8559
mnist.mat,2,0.05,0.9339,0.7158,0.281,0.4036,0.8618
mnist.mat,2,0.1,0.9293,0.5806,0.2348,0.3344,0.8402
mnist.mat,3,0.0,0.9188,0.7826,0.2408,0.3683,0.8744
mnist.mat,3,0.05,0.9204,0.7263,0.2421,0.3632,0.8834
mnist.mat,3,0.1,0.9211,0.6634,0.2454,0.3583,0.8783
mnist.mat,4,0.0,0.93,0.7708,0.2792,0.41,0.897
mnist.mat,4,0.05,0.9277,0.6737,0.253,0.3678,0.8593
mnist.mat,4,0.1,0.9283,0.6374,0.2387,0.3473,0.878
mnist.mat,5,0.0,0.9191,0.7368,0.2405,0.3627,0.8874
mnist.mat,5,0.05,0.9198,0.7126,0.2206,0.337,0.8756
mnist.mat,5,0.1,0.9257,0.6702,0.2442,0.358,0.8773
mnist.mat,6,0.0,0.9221,0.7742,0.25,0.378,0.8994
mnist.mat,6,0.05,0.9185,0.6429,0.2283,0.3369,0.8607
mnist.mat,6,0.1,0.9257,0.6966,0.2375,0.3543,0.8629
mnist.mat,7,0.0,0.9175,0.7033,0.2222,0.3377,0.874
mnist.mat,7,0.05,0.9208,0.6977,0.2182,0.3324,0.8655
mnist.mat,7,0.1,0.9244,0.6703,0.2337,0.3466,0.8691
mnist.mat,8,0.0,0.9201,0.6522,0.2214,0.3306,0.8648
mnist.mat,8,0.05,0.9204,0.5889,0.2054,0.3046,0.8637
mnist.mat,8,0.1,0.9218,0.5543,0.2056,0.3,0.8443
mnist.mat,9,0.0,0.9277,0.8298,0.2766,0.4149,0.8948
mnist.mat,9,0.05,0.928,0.7473,0.2576,0.3831,0.8861
mnist.mat,9,0.1,0.9287,0.6842,0.2579,0.3746,0.8669
mnist.mat,10,0.0,0.9221,0.7717,0.2474,0.3747,0.8899
mnist.mat,10,0.05,0.9195,0.6522,0.2198,0.3288,0.8662
mnist.mat,10,0.1,0.9195,0.5729,0.2124,0.3099,0.8505
mnist.mat,Average,0.05,0.9237,0.6889,0.2397,0.3553,0.8714
musk.mat,1,0.0,0.9829,1.0,0.4167,0.5882,1.0
musk.mat,1,0.05,0.982,0.9286,0.3824,0.5417,0.9988
musk.mat,1,0.1,0.9796,0.8182,0.2812,0.4186,0.9986
musk.mat,2,0.0,0.9812,1.0,0.3235,0.4889,1.0
musk.mat,2,0.05,0.9837,1.0,0.375,0.5455,0.9993
musk.mat,2,0.1,0.9788,0.8,0.25,0.381,0.9987
musk.mat,3,0.0,0.9829,1.0,0.3824,0.5532,1.0
musk.mat,3,0.05,0.9812,1.0,0.2812,0.439,0.9997
musk.mat,3,0.1,0.9845,1.0,0.4062,0.5778,0.9994
musk.mat,4,0.0,0.9755,1.0,0.2683,0.4231,1.0
musk.mat,4,0.05,0.9771,1.0,0.3,0.4615,0.9994
musk.mat,4,0.1,0.9755,1.0,0.2308,0.375,0.9993
musk.mat,5,0.0,0.9722,1.0,0.2273,0.3704,1.0
musk.mat,5,0.05,0.9755,1.0,0.2857,0.4444,0.9992
musk.mat,5,0.1,0.9739,0.9167,0.2619,0.4074,0.9993
musk.mat,6,0.0,0.9771,1.0,0.3,0.4615,1.0
musk.mat,6,0.05,0.9747,1.0,0.2051,0.3404,0.9995
musk.mat,6,0.1,0.978,0.9167,0.2973,0.449,0.9987
musk.mat,7,0.0,0.9788,1.0,0.2973,0.4583,1.0
musk.mat,7,0.05,0.982,1.0,0.4054,0.5769,1.0
musk.mat,7,0.1,0.9788,0.8333,0.2941,0.4348,0.9983
musk.mat,8,0.0,0.978,1.0,0.3077,0.4706,1.0
musk.mat,8,0.05,0.9788,1.0,0.3158,0.48,0.9995
musk.mat,8,0.1,0.9796,0.9167,0.3143,0.4681,0.9983
musk.mat,9,0.0,0.9804,1.0,0.3333,0.5,1.0
musk.mat,9,0.05,0.9796,0.9091,0.2941,0.4444,0.999
musk.mat,9,0.1,0.9804,0.9091,0.303,0.4545,0.9983
musk.mat,10,0.0,0.9829,1.0,0.3438,0.5116,1.0
musk.mat,10,0.05,0.9837,1.0,0.3548,0.5238,0.9996
musk.mat,10,0.1,0.9812,0.8,0.2759,0.4103,0.9985
musk.mat,Average,0.05,0.9794,0.9583,0.3105,0.4667,0.9994
optdigits.mat,1,0.0,0.976,0.625,0.2679,0.375,0.9913
optdigits.mat,1,0.05,0.9842,0.9091,0.3922,0.5479,0.9973
optdigits.mat,1,0.1,0.9842,0.9474,0.36,0.5217,0.9974
optdigits.mat,2,0.0,0.9784,0.8333,0.2632,0.4,0.9941
optdigits.mat,2,0.05,0.976,0.6111,0.2037,0.3056,0.9853
optdigits.mat,2,0.1,0.9818,0.7778,0.2917,0.4242,0.9966
optdigits.mat,3,0.0,0.9621,0.1667,0.0448,0.0706,0.8993
optdigits.mat,3,0.05,0.978,0.9524,0.3077,0.4651,0.9976
optdigits.mat,3,0.1,0.9799,0.9524,0.3279,0.4878,0.995
optdigits.mat,4,0.0,0.978,1.0,0.2812,0.439,0.9994
optdigits.mat,4,0.05,0.9784,0.8182,0.3051,0.4444,0.9849
optdigits.mat,4,0.1,0.9727,0.5556,0.1695,0.2597,0.9675
optdigits.mat,5,0.0,0.9708,0.7,0.2029,0.3146,0.9915
optdigits.mat,5,0.05,0.9684,0.5294,0.1343,0.2143,0.9641
optdigits.mat,5,0.1,0.978,0.85,0.2833,0.425,0.9968
optdigits.mat,6,0.0,0.976,0.9444,0.2576,0.4048,0.9964
optdigits.mat,6,0.05,0.9722,0.5714,0.1967,0.2927,0.9882
optdigits.mat,6,0.1,0.9756,0.8125,0.2131,0.3377,0.9894
optdigits.mat,7,0.0,0.9717,1.0,0.2133,0.3516,0.9989
optdigits.mat,7,0.05,0.9741,0.95,0.2639,0.413,0.998
optdigits.mat,7,0.1,0.9751,0.9,0.2647,0.4091,0.9983
optdigits.mat,8,0.0,0.9885,1.0,0.4545,0.625,0.9992
optdigits.mat,8,0.05,0.989,0.9545,0.4884,0.6462,0.9981
optdigits.mat,8,0.1,0.9871,0.8421,0.4,0.5424,0.9925
optdigits.mat,9,0.0,0.9808,0.8947,0.3091,0.4595,0.9969
optdigits.mat,9,0.05,0.9684,0.1905,0.0755,0.1081,0.9323
optdigits.mat,9,0.1,0.9746,0.4118,0.14,0.209,0.9663
optdigits.mat,10,0.0,0.976,0.95,0.2794,0.4318,0.999
optdigits.mat,10,0.05,0.9765,0.85,0.2698,0.4096,0.9968
optdigits.mat,10,0.1,0.976,0.75,0.2069,0.3243,0.995
optdigits.mat,Average,0.05,0.977,0.775,0.2623,0.3887,0.9868
pendigits.mat,1,0.0,0.9829,0.6429,0.3273,0.4337,0.9451
pendigits.mat,1,0.05,0.976,0.1579,0.0566,0.0833,0.7361
pendigits.mat,1,0.1,0.9771,0.1429,0.0625,0.087,0.6736
pendigits.mat,2,0.0,0.9738,0.375,0.0882,0.1429,0.8548
pendigits.mat,2,0.05,0.9731,0.2,0.0462,0.075,0.7749
pendigits.mat,2,0.1,0.9731,0.2105,0.0635,0.0976,0.7122
pendigits.mat,3,0.0,0.972,0.2632,0.0735,0.1149,0.8152
pendigits.mat,3,0.05,0.9716,0.1429,0.0476,0.0714,0.7571
pendigits.mat,3,0.1,0.9738,0.1111,0.0345,0.0526,0.8202
pendigits.mat,4,0.0,0.9738,0.3125,0.0758,0.122,0.7762
pendigits.mat,4,0.05,0.972,0.2174,0.0781,0.1149,0.7502
pendigits.mat,4,0.1,0.9742,0.2381,0.0833,0.1235,0.7245
pendigits.mat,5,0.0,0.9723,0.15,0.0484,0.0732,0.7804
pendigits.mat,5,0.05,0.9745,0.25,0.1034,0.1463,0.8033
pendigits.mat,5,0.1,0.9756,0.1765,0.0536,0.0822,0.7791
pendigits.mat,6,0.0,0.9756,0.087,0.0417,0.0563,0.6852
pendigits.mat,6,0.05,0.9756,0.0455,0.0213,0.029,0.7462
pendigits.mat,6,0.1,0.9796,0.1579,0.0698,0.0968,0.6661
pendigits.mat,7,0.0,0.9738,0.2917,0.1129,0.1628,0.8692
pendigits.mat,7,0.05,0.9742,0.1765,0.05,0.0779,0.773
pendigits.mat,7,0.1,0.9756,0.2727,0.1053,0.1519,0.7491
pendigits.mat,8,0.0,0.9723,0.0526,0.0169,0.0256,0.7741
pendigits.mat,8,0.05,0.9727,0.0909,0.0351,0.0506,0.5942
pendigits.mat,8,0.1,0.9756,0.1,0.0392,0.0563,0.7777
pendigits.mat,9,0.0,0.9753,0.2941,0.082,0.1282,0.7901
pendigits.mat,9,0.05,0.976,0.25,0.069,0.1081,0.7309
pendigits.mat,9,0.1,0.9745,0.2,0.069,0.1026,0.7394
pendigits.mat,10,0.0,0.9753,0.375,0.0938,0.15,0.8856
pendigits.mat,10,0.05,0.9756,0.3,0.1017,0.1519,0.8522
pendigits.mat,10,0.1,0.976,0.1538,0.0351,0.0571,0.7523
pendigits.mat,Average,0.05,0.9748,0.2146,0.0728,0.1075,0.7696
pima.mat,1,0.0,0.6688,0.5128,0.1942,0.2817,0.6813
pima.mat,1,0.05,0.6883,0.4848,0.1684,0.25,0.6477
pima.mat,1,0.1,0.6916,0.4615,0.129,0.2017,0.6539
pima.mat,2,0.0,0.6494,0.5143,0.1651,0.25,0.6612
pima.mat,2,0.05,0.6526,0.4688,0.1429,0.219,0.6632
pima.mat,2,0.1,0.6494,0.3784,0.1414,0.2059,0.6581
pima.mat,3,0.0,0.6558,0.4615,0.1748,0.2535,0.6685
pima.mat,3,0.05,0.6688,0.4571,0.1616,0.2388,0.6485
pima.mat,3,0.1,0.6656,0.35,0.1538,0.2137,0.6484
pima.mat,4,0.0,0.5974,0.5135,0.152,0.2346,0.6768
pima.mat,4,0.05,0.6266,0.5625,0.1513,0.2384,0.6897
pima.mat,4,0.1,0.6364,0.4706,0.1455,0.2222,0.6533
pima.mat,5,0.0,0.6948,0.6429,0.1765,0.2769,0.7242
pima.mat,5,0.05,0.7045,0.6053,0.2323,0.3358,0.732
pima.mat,5,0.1,0.6981,0.5,0.1828,0.2677,0.6928
pima.mat,6,0.0,0.6558,0.4286,0.1485,0.2206,0.6855
pima.mat,6,0.05,0.6623,0.4444,0.16,0.2353,0.687
pima.mat,6,0.1,0.6818,0.3871,0.1319,0.1967,0.6998
pima.mat,7,0.0,0.6948,0.6,0.18,0.2769,0.7363
pima.mat,7,0.05,0.7143,0.6053,0.2396,0.3433,0.7382
pima.mat,7,0.1,0.7078,0.5,0.1778,0.2623,0.6959
pima.mat,8,0.0,0.6721,0.5938,0.1776,0.2734,0.7383
pima.mat,8,0.05,0.6753,0.5143,0.1782,0.2647,0.7178
pima.mat,8,0.1,0.6786,0.4412,0.1579,0.2326,0.7156
pima.mat,9,0.0,0.6591,0.5152,0.1604,0.2446,0.7231
pima.mat,9,0.05,0.6851,0.5484,0.17,0.2595,0.7063
pima.mat,9,0.1,0.6818,0.4848,0.1649,0.2462,0.7029
pima.mat,10,0.0,0.6721,0.6053,0.211,0.3129,0.6997
pima.mat,10,0.05,0.6883,0.6,0.2039,0.3043,0.7071
pima.mat,10,0.1,0.6786,0.5278,0.1881,0.2774,0.6928
pima.mat,Average,0.05,0.6719,0.506,0.1707,0.2547,0.6915
satellite.mat,1,0.0,0.7817,0.9705,0.3219,0.4835,0.7992
satellite.mat,1,0.05,0.7129,0.5803,0.2031,0.3009,0.6754
satellite.mat,1,0.1,0.7218,0.5296,0.1954,0.2854,0.6497
satellite.mat,2,0.0,0.7797,0.989,0.3229,0.4869,0.8041
satellite.mat,2,0.05,0.7238,0.6479,0.219,0.3273,0.7104
satellite.mat,2,0.1,0.7199,0.5548,0.2088,0.3034,0.6618
satellite.mat,3,0.0,0.7801,1.0,0.323,0.4882,0.8167
satellite.mat,3,0.05,0.7603,0.8409,0.2785,0.4185,0.7867
satellite.mat,3,0.1,0.7319,0.6162,0.2315,0.3365,0.657
satellite.mat,4,0.0,0.7801,0.9853,0.3229,0.4864,0.7976
satellite.mat,4,0.05,0.7249,0.6421,0.2217,0.3295,0.696
satellite.mat,4,0.1,0.7257,0.5768,0.2062,0.3037,0.6385
satellite.mat,5,0.0,0.7902,0.9813,0.3296,0.4934,0.8103
satellite.mat,5,0.05,0.7665,0.7895,0.2781,0.4114,0.7609
satellite.mat,5,0.1,0.7362,0.5667,0.214,0.3107,0.6759
satellite.mat,6,0.0,0.7867,0.9593,0.325,0.4855,0.7955
satellite.mat,6,0.05,0.7238,0.583,0.209,0.3077,0.67
satellite.mat,6,0.1,0.7327,0.5415,0.211,0.3036,0.6603
satellite.mat,7,0.0,0.7898,0.9815,0.3308,0.4949,0.7949
satellite.mat,7,0.05,0.7319,0.6264,0.2253,0.3314,0.7077
satellite.mat,7,0.1,0.7284,0.5564,0.2096,0.3045,0.6494
satellite.mat,8,0.0,0.7863,0.989,0.3297,0.4945,0.7927
satellite.mat,8,0.05,0.7483,0.7577,0.2519,0.3781,0.7031
satellite.mat,8,0.1,0.7284,0.554,0.2112,0.3059,0.6447
satellite.mat,9,0.0,0.7937,0.989,0.3375,0.5033,0.8129
satellite.mat,9,0.05,0.7665,0.7828,0.2779,0.4102,0.7634
satellite.mat,9,0.1,0.7343,0.5746,0.2127,0.3105,0.6644
satellite.mat,10,0.0,0.7859,0.9701,0.3238,0.4855,0.7952
satellite.mat,10,0.05,0.7716,0.824,0.2891,0.428,0.7291
satellite.mat,10,0.1,0.7207,0.5271,0.1989,0.2888,0.6452
satellite.mat,Average,0.05,0.7522,0.7496,0.2607,0.3866,0.7256
satimage-2.mat,1,0.0,0.9897,1.0,0.25,0.4,0.9962
satimage-2.mat,1,0.05,0.9892,0.75,0.2903,0.4186,0.9907
satimage-2.mat,1,0.1,0.9854,0.1429,0.0345,0.0556,0.9647
satimage-2.mat,2,0.0,0.9918,0.8889,0.3077,0.4571,0.9942
satimage-2.mat,2,0.05,0.9927,0.9,0.36,0.5143,0.9981
satimage-2.mat,2,0.1,0.9922,0.875,0.2917,0.4375,0.9993
satimage-2.mat,3,0.0,0.9901,1.0,0.2812,0.439,0.9986
satimage-2.mat,3,0.05,0.9901,1.0,0.2581,0.4103,0.9991
satimage-2.mat,3,0.1,0.9905,0.875,0.25,0.3889,0.9989
satimage-2.mat,4,0.0,0.9953,1.0,0.4211,0.5926,0.9993
satimage-2.mat,4,0.05,0.9957,1.0,0.4444,0.6154,0.999
satimage-2.mat,4,0.1,0.9914,0.2857,0.1176,0.1667,0.9384
satimage-2.mat,5,0.0,0.9905,1.0,0.2667,0.4211,0.9933
satimage-2.mat,5,0.05,0.9922,1.0,0.3571,0.5263,0.9949
satimage-2.mat,5,0.1,0.991,0.7778,0.2692,0.4,0.9938
satimage-2.mat,6,0.0,0.9879,1.0,0.2432,0.3913,0.9966
satimage-2.mat,6,0.05,0.9879,1.0,0.2432,0.3913,0.9964
satimage-2.mat,6,0.1,0.9897,1.0,0.2727,0.4286,0.9949
satimage-2.mat,7,0.0,0.991,1.0,0.2759,0.4324,1.0
satimage-2.mat,7,0.05,0.9905,0.7778,0.2593,0.3889,0.9993
satimage-2.mat,7,0.1,0.9922,1.0,0.3333,0.5,0.9987
satimage-2.mat,8,0.0,0.9922,1.0,0.3077,0.4706,0.9997
satimage-2.mat,8,0.05,0.9935,1.0,0.375,0.5455,0.9998
satimage-2.mat,8,0.1,0.9888,0.5,0.1538,0.2353,0.9675
satimage-2.mat,9,0.0,0.9931,0.875,0.3182,0.4667,0.9942
satimage-2.mat,9,0.05,0.9944,1.0,0.4091,0.5806,0.9995
satimage-2.mat,9,0.1,0.991,0.4444,0.2,0.2759,0.9566
satimage-2.mat,10,0.0,0.9879,1.0,0.2222,0.3636,0.9964
satimage-2.mat,10,0.05,0.9888,1.0,0.2353,0.381,0.9957
satimage-2.mat,10,0.1,0.9905,1.0,0.2903,0.45,0.9948
satimage-2.mat,Average,0.05,0.9909,0.8698,0.278,0.4182,0.9916
vowels.mat,1,0.0,0.9743,0.8,0.2222,0.3478,0.8599
vowels.mat,1,0.05,0.9691,0.4,0.1176,0.1818,0.8928
vowels.mat,1,0.1,0.9674,0.4286,0.1667,0.24,0.9109
vowels.mat,2,0.0,0.9726,0.5714,0.2353,0.3333,0.924
vowels.mat,2,0.05,0.9726,0.5,0.125,0.2,0.9029
vowels.mat,2,0.1,0.9794,0.6667,0.4,0.5,0.9124
vowels.mat,3,0.0,0.9674,0.5,0.1579,0.24,0.9043
vowels.mat,3,0.05,0.9743,0.8,0.2222,0.3478,0.9455
vowels.mat,3,0.1,0.9691,0.4,0.1176,0.1818,0.9324
vowels.mat,4,0.0,0.9657,1.0,0.1667,0.2857,0.9051
vowels.mat,4,0.05,0.9657,0.7143,0.2174,0.3333,0.9024
vowels.mat,4,0.1,0.964,0.625,0.2174,0.3226,0.8829
vowels.mat,5,0.0,0.9657,0.2857,0.1176,0.1667,0.9438
vowels.mat,5,0.05,0.9726,0.4444,0.2667,0.3333,0.9518
vowels.mat,5,0.1,0.976,0.3333,0.1667,0.2222,0.9063
vowels.mat,6,0.0,0.9588,0.5714,0.16,0.25,0.9254
vowels.mat,6,0.05,0.9605,0.6667,0.0833,0.1481,0.9161
vowels.mat,6,0.1,0.9554,0.2857,0.087,0.1333,0.8652
vowels.mat,7,0.0,0.964,0.4,0.1,0.16,0.9154
vowels.mat,7,0.05,0.9691,0.6,0.1579,0.25,0.9454
vowels.mat,7,0.1,0.9674,0.5,0.1053,0.1739,0.9142
vowels.mat,8,0.0,0.9623,0.5,0.0909,0.1538,0.9148
vowels.mat,8,0.05,0.9657,0.6,0.1429,0.2308,0.937
vowels.mat,8,0.1,0.9674,0.75,0.1429,0.24,0.9246
vowels.mat,9,0.0,0.9708,0.3333,0.1333,0.1905,0.8761
vowels.mat,9,0.05,0.976,0.5,0.1429,0.2222,0.8814
vowels.mat,9,0.1,0.9743,0.25,0.0769,0.1176,0.8726
vowels.mat,10,0.0,0.9691,0.6667,0.2,0.3077,0.8206
vowels.mat,10,0.05,0.9674,0.6,0.15,0.24,0.8913
vowels.mat,10,0.1,0.9743,0.6,0.1875,0.2857,0.869
vowels.mat,Average,0.05,0.9686,0.5431,0.1626,0.2447,0.9049
wbc.mat,1,0.0,0.9605,1.0,0.25,0.4,0.9566
wbc.mat,1,0.05,0.9539,1.0,0.125,0.2222,0.9123
wbc.mat,1,0.1,0.9605,1.0,0.1429,0.25,0.9734
wbc.mat,2,0.0,0.9408,1.0,0.1,0.1818,0.9613
wbc.mat,2,0.05,0.9408,0.5,0.1111,0.1818,0.9565
wbc.mat,2,0.1,0.9408,1.0,0.1,0.1818,0.9563
wbc.mat,3,0.0,0.9671,0.5,0.2,0.2857,0.8721
wbc.mat,3,0.05,0.9605,0.0,0.0,0.0,0.8367
wbc.mat,3,0.1,0.9671,0.5,0.2,0.2857,0.8054
wbc.mat,4,0.0,0.9474,1.0,0.1111,0.2,0.9938
wbc.mat,4,0.05,0.9539,1.0,0.125,0.2222,0.9931
wbc.mat,4,0.1,0.9605,1.0,0.25,0.4,0.9887
wbc.mat,5,0.0,0.9342,0.5,0.1,0.1667,0.9387
wbc.mat,5,0.05,0.9408,1.0,0.1,0.1818,0.9394
wbc.mat,5,0.1,0.9474,1.0,0.1111,0.2,0.927
wbc.mat,6,0.0,0.9408,1.0,0.1818,0.3077,0.9504
wbc.mat,6,0.05,0.9276,0.0,0.0,0.0,0.9574
wbc.mat,6,0.1,0.9408,1.0,0.1,0.1818,0.9444
wbc.mat,7,0.0,0.9737,1.0,0.3333,0.5,0.9715
wbc.mat,7,0.05,0.9737,1.0,0.3333,0.5,0.9737
wbc.mat,7,0.1,0.9671,0.5,0.2,0.2857,0.9633
wbc.mat,8,0.0,0.9211,1.0,0.0769,0.1429,0.9806
wbc.mat,8,0.05,0.9145,0.0,0.0,0.0,0.9773
wbc.mat,8,0.1,0.9276,1.0,0.1538,0.2667,0.9768
wbc.mat,9,0.0,0.9408,0.5,0.1111,0.1818,0.9433
wbc.mat,9,0.05,0.9408,0.0,0.0,0.0,0.9384
wbc.mat,9,0.1,0.9474,1.0,0.1111,0.2,0.9658
wbc.mat,10,0.0,0.9342,1.0,0.1667,0.2857,0.9786
wbc.mat,10,0.05,0.9276,1.0,0.0833,0.1538,0.978
wbc.mat,10,0.1,0.9408,1.0,0.25,0.4,0.978
wbc.mat,Average,0.05,0.9465,0.7667,0.1376,0.2255,0.9496
shuttle.mat,1,0.0,0.9512,0.9979,0.3319,0.4982,0.9885
shuttle.mat,1,0.05,0.952,0.9498,0.3307,0.4905,0.9346
shuttle.mat,1,0.1,0.952,0.8901,0.3165,0.4669,0.966
shuttle.mat,2,0.0,0.9517,0.9978,0.3262,0.4917,0.9797
shuttle.mat,2,0.05,0.9528,0.9283,0.3232,0.4795,0.9851
shuttle.mat,2,0.1,0.9554,0.8889,0.34,0.4919,0.8931
shuttle.mat,3,0.0,0.9535,0.9979,0.3384,0.5054,0.9807
shuttle.mat,3,0.05,0.9549,0.953,0.3405,0.5017,0.9284
shuttle.mat,3,0.1,0.9552,0.8865,0.3339,0.4851,0.9717
shuttle.mat,4,0.0,0.9511,0.9978,0.3237,0.4888,0.9818
shuttle.mat,4,0.05,0.9524,0.9295,0.3254,0.482,0.9108
shuttle.mat,4,0.1,0.9542,0.9009,0.3286,0.4816,0.9577
shuttle.mat,5,0.0,0.9512,1.0,0.3291,0.4953,0.9897
shuttle.mat,5,0.05,0.9522,0.9544,0.3242,0.484,0.9833
shuttle.mat,5,0.1,0.9535,0.8961,0.3237,0.4756,0.9599
shuttle.mat,6,0.0,0.9543,1.0,0.346,0.5141,0.9871
shuttle.mat,6,0.05,0.9558,0.9533,0.3467,0.5085,0.9779
shuttle.mat,6,0.1,0.9553,0.8771,0.3355,0.4853,0.9688
shuttle.mat,7,0.0,0.9526,0.9958,0.339,0.5058,0.99
shuttle.mat,7,0.05,0.9521,0.9188,0.3228,0.4778,0.9889
shuttle.mat,7,0.1,0.9543,0.8872,0.3304,0.4815,0.961
shuttle.mat,8,0.0,0.9523,0.9957,0.3309,0.4968,0.9886
shuttle.mat,8,0.05,0.9544,0.9486,0.3369,0.4972,0.9748
shuttle.mat,8,0.1,0.9541,0.8827,0.3286,0.4789,0.982
shuttle.mat,9,0.0,0.9512,0.9978,0.3249,0.4902,0.9862
shuttle.mat,9,0.05,0.9525,0.9442,0.3269,0.4857,0.8774
shuttle.mat,9,0.1,0.9533,0.8886,0.3197,0.4702,0.9826
shuttle.mat,10,0.0,0.9519,0.9979,0.3303,0.4963,0.9875
shuttle.mat,10,0.05,0.9533,0.9451,0.3343,0.4939,0.9833
shuttle.mat,10,0.1,0.9539,0.8715,0.3251,0.4735,0.9855
shuttle.mat,Average,0.05,0.9532,0.9424,0.3305,0.4891,0.9678
ALL_DATASETS,Average,0.05,0.854,0.6308,0.2628,0.3058,0.8756
